DROP SCHEMA IF EXISTS Music;
CREATE SCHEMA IF NOT EXISTS Music;
USE Music;
CREATE TABLE genres (
id INT NOT NULL PRIMARY KEY AUTO_INCREMENT,
genre VARCHAR(50) NOT NULL
);
CREATE TABLE user (
id VARCHAR(100) NOT NULL PRIMARY KEY,
display_name VARCHAR(100) NOT NULL
);
CREATE TABLE artist (
id VARCHAR(100) NOT NULL PRIMARY KEY,
name VARCHAR(100) NOT NULL
);
CREATE TABLE album (
id VARCHAR(100) NOT NULL PRIMARY KEY,
name VARCHAR(100) NOT NULL,
artist_id VARCHAR(100) NOT NULL,
release_date DATE,
FOREIGN KEY (artist_id) REFERENCES artist(id)
);
CREATE TABLE albumGenre (
genre_id INT NOT NULL,
album_id VARCHAR(100) NOT NULL,
PRIMARY KEY (genre_id, album_id),
FOREIGN KEY (`genre_id`) REFERENCES genres(id),
FOREIGN KEY (`album_id`) REFERENCES album(id)
);
CREATE TABLE track (
id VARCHAR(100) NOT NULL PRIMARY KEY,
name VARCHAR(100) NOT NULL,
duration DOUBLE NOT NULL,
album_id VARCHAR(100) NOT NULL,
user_id VARCHAR(100) NOT NULL,
FOREIGN KEY (album_id) REFERENCES album(id),
FOREIGN KEY (user_id) REFERENCES user(id)
);
INSERT IGNORE INTO user(id, display_name) VALUES ('80d90srfrrxi5ybketyhme4vy', 'Ana Maria Tozi');
INSERT IGNORE INTO user(id, display_name) VALUES ('31hjzsaxla4zywg7dwkrlmmpmr6m', 'Camila Oliveira');
INSERT IGNORE INTO user(id, display_name) VALUES ('lucaslisb', 'lucaslisb');
INSERT IGNORE INTO user(id, display_name) VALUES ('65ggf1vdzp2c6iq2n67t3cguo', 'Edevaldo');
INSERT IGNORE INTO user(id, display_name) VALUES ('fc5ge6u3nwnvk2d5cempjon32', 'Polyana');
INSERT IGNORE INTO user(id, display_name) VALUES ('zoidibergson', 'zoidibergson');
INSERT IGNORE INTO user(id, display_name) VALUES ('313logqmoojpb2fbhkl456nnznhu', 'Mell Godoy');
INSERT IGNORE INTO user(id, display_name) VALUES ('22gu44pz7jvuzzkodkirc2ctq', 'Leticia Andrade');
INSERT IGNORE INTO user(id, display_name) VALUES ('itonn', 'itonn');
INSERT IGNORE INTO user(id, display_name) VALUES ('mjc3079', 'Matheus Januário de Carvalho');
INSERT IGNORE INTO user(id, display_name) VALUES ('patrickbastosc', 'patrickbastosc');
INSERT IGNORE INTO user(id, display_name) VALUES ('22q7ljjo5ke4l2qhh5pruatea', 'Paolo Fullone');
INSERT IGNORE INTO user(id, display_name) VALUES ('22b7canhq37yxw65jsftnfmoy', 'Klecianny Melo');
INSERT IGNORE INTO user(id, display_name) VALUES ('12161642315', 'carla takagi');
INSERT IGNORE INTO user(id, display_name) VALUES ('22nsomaurqexm6n2jgvq7numy', 'Táila Sploradori');
INSERT IGNORE INTO user(id, display_name) VALUES ('1fds3g54adf65g4ad65g465a4', 'Chico Buarque');
INSERT IGNORE INTO user(id, display_name) VALUES ('asd16as546a5465sa4qwe48weq', 'Anderson');
INSERT IGNORE INTO artist(id, name) VALUES ('4hz8tIajF2INpgM0qzPJz2', "Rainbow Kitten Surprise");
INSERT IGNORE INTO artist(id, name) VALUES ('6UcJxoeHWWWyT5HZP064om', "Chet Faker");
INSERT IGNORE INTO artist(id, name) VALUES ('7AC976RDJzL2asmZuz7qil', "Yes");
INSERT IGNORE INTO artist(id, name) VALUES ('7dGJo4pcD2V6oG8kP0tJRR', "Eminem");
INSERT IGNORE INTO artist(id, name) VALUES ('62YF0FglEltB3CnVIjoko8', "Ingratax");
INSERT IGNORE INTO artist(id, name) VALUES ('6gK1Uct5FEdaUWRWpU4Cl2', "Petit Biscuit");
INSERT IGNORE INTO artist(id, name) VALUES ('1MXZ0hsGic96dWRDKwAwdr', "Tyla Yaweh");
INSERT IGNORE INTO artist(id, name) VALUES ('16GcWuvvybAoaHr0NqT8Eh', "Alabama Shakes");
INSERT IGNORE INTO artist(id, name) VALUES ('4dwdTW1Lfiq0cM8nBAqIIz', "Of Monsters and Men");
INSERT IGNORE INTO artist(id, name) VALUES ('179MtpbgyNgeNnwNVqnn4p', "Avi Kaplan");
INSERT IGNORE INTO artist(id, name) VALUES ('5eKwTB9ociIYxmAsVR0kXp', "Ben Caplan");
INSERT IGNORE INTO artist(id, name) VALUES ('4kI8Ie27vjvonwaB2ePh8T', "Portugal. The Man");
INSERT IGNORE INTO artist(id, name) VALUES ('0hEurMDQu99nJRq8pTxO14', "John Mayer");
INSERT IGNORE INTO artist(id, name) VALUES ('7Ln80lUS6He07XvHI8qqHH', "Arctic Monkeys");
INSERT IGNORE INTO artist(id, name) VALUES ('2Z7UcsdweVlRbAk5wH5fsf', "The Last Shadow Puppets");
INSERT IGNORE INTO artist(id, name) VALUES ('7mnBLXK823vNxN3UWB7Gfz', "The Black Keys");
INSERT IGNORE INTO artist(id, name) VALUES ('4iMO20EPodreIaEl8qW66y', "Still Woozy");
INSERT IGNORE INTO artist(id, name) VALUES ('1A5QJAC1vdhbhPE25Q0x0f', "O Rappa");
INSERT IGNORE INTO artist(id, name) VALUES ('53XhwfbYqKCa1cC15pYq2q', "Imagine Dragons");
INSERT IGNORE INTO artist(id, name) VALUES ('4F84IBURUo98rz4r61KF70', "The White Stripes");
INSERT IGNORE INTO artist(id, name) VALUES ('5tIkXJTex4JY7cv9mmgAZx', "Ruelle");
INSERT IGNORE INTO artist(id, name) VALUES ('2YyigF1NMdFVqQBYyhfmw5', "Wee");
INSERT IGNORE INTO artist(id, name) VALUES ('3y24n3XhZ96wgwRXjvS17T', "Coolio");
INSERT IGNORE INTO artist(id, name) VALUES ('74cb3MG0x0BOnYNW1uXYnM', "Hillsong UNITED");
INSERT IGNORE INTO artist(id, name) VALUES ('4gzpq5DPGxSnKTe4SA8HAU', "Coldplay");
INSERT IGNORE INTO artist(id, name) VALUES ('5rrmaoBXZ7Jcs4Qb77j0YA', "Djavan");
INSERT IGNORE INTO artist(id, name) VALUES ('7HGNYPmbDrMkylWqeFCOIQ', "Caetano Veloso");
INSERT IGNORE INTO artist(id, name) VALUES ('7qmf5YAQYjfjBF9C7kkjzs', "Johnny Hooker");
INSERT IGNORE INTO artist(id, name) VALUES ('6vWDO969PvNqNYHIOW5v0m', "Beyoncé");
INSERT IGNORE INTO artist(id, name) VALUES ('3t5xRXzsuZmMDkQzgOX35S', "Robin Schulz");
INSERT IGNORE INTO artist(id, name) VALUES ('6KImCVD70vtIoJWnq6nGn3', "Harry Styles");
INSERT IGNORE INTO artist(id, name) VALUES ('7FNnA9vBm6EKceENgCGRMb', "Anitta");
INSERT IGNORE INTO artist(id, name) VALUES ('21451j1KhjAiaYKflxBjr1', "Zion & Lennox");
INSERT IGNORE INTO artist(id, name) VALUES ('4obzFoKoKRHIphyHzJ35G3', "Becky G");
INSERT IGNORE INTO artist(id, name) VALUES ('6vTqEFbTtTRJsuIpzZgjxi', "Grupo Menos É Mais");
INSERT IGNORE INTO artist(id, name) VALUES ('46CitWgnWrvF9t70C2p1Me', "Daughter");
INSERT IGNORE INTO artist(id, name) VALUES ('1yR65psqiazQpeM79CcGh8', "Marília Mendonça");
INSERT IGNORE INTO artist(id, name) VALUES ('1uNFoZAHBGtllmzznpCI3s', "Justin Bieber");
INSERT IGNORE INTO artist(id, name) VALUES ('1l0mKo96Jh9HVYONcRl3Yp', "2NE1");
INSERT IGNORE INTO artist(id, name) VALUES ('3Nrfpe0tUJi4K4DXYWgMUX', "BTS");
INSERT IGNORE INTO artist(id, name) VALUES ('3iOvXCl6edW5Um0fXEBRXy', "The xx");
INSERT IGNORE INTO artist(id, name) VALUES ('6aCbXH85qN6xo54C7atSMx', "Black Alien");
INSERT IGNORE INTO artist(id, name) VALUES ('5cj0lLjcoR7YOSnhnX0Po5', "Doja Cat");
INSERT IGNORE INTO artist(id, name) VALUES ('1McMsnEElThX1knmY4oliG', "Olivia Rodrigo");
INSERT IGNORE INTO artist(id, name) VALUES ('4VMYDCV2IEDYJArk749S6m', "Daddy Yankee");
INSERT IGNORE INTO artist(id, name) VALUES ('5Xid8RniwfI34R5LLqHFbs', "Los Del Millero");
INSERT IGNORE INTO album(id, name, artist_id, release_date) VALUES ('7vXiklrUeffx5o2F8VYwm3', "How to: Friend, Love, Freefall", '4hz8tIajF2INpgM0qzPJz2', '2018-04-06');
INSERT IGNORE INTO album(id, name, artist_id, release_date) VALUES ('5ipoWTaBfknOP3YgEXW4oY', "Low", '6UcJxoeHWWWyT5HZP064om', '2020-10-02');
INSERT IGNORE INTO album(id, name, artist_id, release_date) VALUES ('2lKbr47iZyXo44V4CEEUaK', "Built on Glass", '6UcJxoeHWWWyT5HZP064om', '2014-04-14');
INSERT IGNORE INTO album(id, name, artist_id, release_date) VALUES ('0dZF93WHyOhTWjz5EWM7yG', "Fragile (Deluxe Edition)", '7AC976RDJzL2asmZuz7qil', '1971-11-26');
INSERT IGNORE INTO album(id, name, artist_id, release_date) VALUES ('4otkd9As6YaxxEkIjXPiZ6', "Music To Be Murdered By", '7dGJo4pcD2V6oG8kP0tJRR', '2020-01-17');
INSERT IGNORE INTO album(id, name, artist_id, release_date) VALUES ('6Ktv94u6eUIZBiUiBwOADD', "París", '62YF0FglEltB3CnVIjoko8', '2021-07-09');
INSERT IGNORE INTO album(id, name, artist_id, release_date) VALUES ('4Ky2PpWb26OxNabAMffyBw', "Sunset Lover", '6gK1Uct5FEdaUWRWpU4Cl2', '2015-01-01');
INSERT IGNORE INTO album(id, name, artist_id, release_date) VALUES ('37m9KwQ4yNWbsThepwDvAK', "Heart Full of Rage", '1MXZ0hsGic96dWRDKwAwdr', '2019-02-22');
INSERT IGNORE INTO album(id, name, artist_id, release_date) VALUES ('6GRzHtepSikfr1k8zxcpbH', "Boys & Girls", '16GcWuvvybAoaHr0NqT8Eh', '2012-04-09');
INSERT IGNORE INTO album(id, name, artist_id, release_date) VALUES ('4p9dVvZDaZliSjTCbFRhJy', "My Head Is An Animal", '4dwdTW1Lfiq0cM8nBAqIIz', '2012-01-01');
INSERT IGNORE INTO album(id, name, artist_id, release_date) VALUES ('2mD97VgxTRfwB8F5tvkwrL', "Beneath The Skin", '4dwdTW1Lfiq0cM8nBAqIIz', '2015-06-05');
INSERT IGNORE INTO album(id, name, artist_id, release_date) VALUES ('2Sny5hZ8cvamjfhhNqR0mo', "I'll Get By", '179MtpbgyNgeNnwNVqnn4p', '2020-02-28');
INSERT IGNORE INTO album(id, name, artist_id, release_date) VALUES ('7LCRR0JjpZR7uXlUKGex6X', "In the Time of the Great Remembering", '5eKwTB9ociIYxmAsVR0kXp', '2011-10-20');
INSERT IGNORE INTO album(id, name, artist_id, release_date) VALUES ('4VzzEviJGYUtAeSsJlI9QB', "Woodstock", '4kI8Ie27vjvonwaB2ePh8T', '2017-06-16');
INSERT IGNORE INTO album(id, name, artist_id, release_date) VALUES ('1Xsprdt1q9rOzTic7b9zYM', "Continuum", '0hEurMDQu99nJRq8pTxO14', '2006-09-11');
INSERT IGNORE INTO album(id, name, artist_id, release_date) VALUES ('3GrwTlcx7rrbOwVBxvAPzF', "R U Mine?", '7Ln80lUS6He07XvHI8qqHH', '2012-01-01');
INSERT IGNORE INTO album(id, name, artist_id, release_date) VALUES ('0vMqm7WSIXBWsiYrulKiCc', "Everything You've Come To Expect", '2Z7UcsdweVlRbAk5wH5fsf', '2016-04-01');
INSERT IGNORE INTO album(id, name, artist_id, release_date) VALUES ('7lhJVTvqL3QbwGN12QLiVj', "Brothers (Deluxe Remastered Anniversary Edition)", '7mnBLXK823vNxN3UWB7Gfz', '2020-12-18');
INSERT IGNORE INTO album(id, name, artist_id, release_date) VALUES ('0y8sikccXZ3TIW4PkjtI8R', "Goodie Bag", '4iMO20EPodreIaEl8qW66y', '2017-11-05');
INSERT IGNORE INTO album(id, name, artist_id, release_date) VALUES ('3I1bOo70cU0y7PprxCGgAs', "Lado B Lado A", '1A5QJAC1vdhbhPE25Q0x0f', '1999-01-01');
INSERT IGNORE INTO album(id, name, artist_id, release_date) VALUES ('5wk72aktBHcMz6vBNgFeKV', "Change On The Rise", '179MtpbgyNgeNnwNVqnn4p', '2019-03-22');
INSERT IGNORE INTO album(id, name, artist_id, release_date) VALUES ('3JfSxDfmwS5OeHPwLSkrfr', "Origins (Deluxe)", '53XhwfbYqKCa1cC15pYq2q', '2018-11-09');
INSERT IGNORE INTO album(id, name, artist_id, release_date) VALUES ('71xFWYFtiHC8eP99QB30AA', "Curtain Call (Deluxe)", '7dGJo4pcD2V6oG8kP0tJRR', '2005-12-06');
INSERT IGNORE INTO album(id, name, artist_id, release_date) VALUES ('0VXcqDD3sHdOIGtO6oYv3d', "Elephant", '4F84IBURUo98rz4r61KF70', '2003-04-01');
INSERT IGNORE INTO album(id, name, artist_id, release_date) VALUES ('4SxovxXXvcl71iE9ptyJKF', "Madness", '5tIkXJTex4JY7cv9mmgAZx', '2016-12-09');
INSERT IGNORE INTO album(id, name, artist_id, release_date) VALUES ('6NIVIrZyIiaZiC8zkZ4tDe', "Lean On Me EP", '179MtpbgyNgeNnwNVqnn4p', '2020-08-21');
INSERT IGNORE INTO album(id, name, artist_id, release_date) VALUES ('78bpIziExqiI9qztvNFlQu', "AM", '7Ln80lUS6He07XvHI8qqHH', '2013-09-09');
INSERT IGNORE INTO album(id, name, artist_id, release_date) VALUES ('6os1V7Wdb94RzAgmqH4nSF', "You Can Fly On My Aeroplane", '2YyigF1NMdFVqQBYyhfmw5', '2008-08-26');
INSERT IGNORE INTO album(id, name, artist_id, release_date) VALUES ('3gj5MfnW3Oud8Ji1n7Tops', "Gangsta's Paradise", '3y24n3XhZ96wgwRXjvS17T', '1995-11-07');
INSERT IGNORE INTO album(id, name, artist_id, release_date) VALUES ('7LHFVlsndw7HxDGJPWJS7S', "Zion", '74cb3MG0x0BOnYNW1uXYnM', '2013-02-23');
INSERT IGNORE INTO album(id, name, artist_id, release_date) VALUES ('4E7bV0pzG0LciBSWTszra6', "X&Y", '4gzpq5DPGxSnKTe4SA8HAU', '2005-06-07');
INSERT IGNORE INTO album(id, name, artist_id, release_date) VALUES ('4QvfzelIYmJcfJuigsUkef', "Vesúvio", '5rrmaoBXZ7Jcs4Qb77j0YA', '2018-11-23');
INSERT IGNORE INTO album(id, name, artist_id, release_date) VALUES ('3PlAbFQa9MEymxTgQC51wv', "Ofertório (Ao Vivo)", '7HGNYPmbDrMkylWqeFCOIQ', '2018-05-25');
INSERT IGNORE INTO album(id, name, artist_id, release_date) VALUES ('4ZxzTMUSVjEr933HKTrH11', "Pense em Mim", '7qmf5YAQYjfjBF9C7kkjzs', '2019-06-21');
INSERT IGNORE INTO album(id, name, artist_id, release_date) VALUES ('7dK54iZuOxXFarGhXwEXfF', "Lemonade", '6vWDO969PvNqNYHIOW5v0m', '2016-04-23');
INSERT IGNORE INTO album(id, name, artist_id, release_date) VALUES ('5XyJzEROSmup2TcWmVjTIt', "Sugar", '3t5xRXzsuZmMDkQzgOX35S', '2015-09-25');
INSERT IGNORE INTO album(id, name, artist_id, release_date) VALUES ('2pqdSWeJVsXAhHFuVLzuA8', "As It Was", '6KImCVD70vtIoJWnq6nGn3', '2022-03-31');
INSERT IGNORE INTO album(id, name, artist_id, release_date) VALUES ('6ZG5lRT77aJ3btmArcykra', "Parachutes", '4gzpq5DPGxSnKTe4SA8HAU', '2000-07-10');
INSERT IGNORE INTO album(id, name, artist_id, release_date) VALUES ('6t7956yu5zYf5A829XRiHC', "The Marshall Mathers LP", '7dGJo4pcD2V6oG8kP0tJRR', '2000-05-23');
INSERT IGNORE INTO album(id, name, artist_id, release_date) VALUES ('2TPl41Riu1SDbHoxhCIo2D', "Versions of Me", '7FNnA9vBm6EKceENgCGRMb', '2022-04-12');
INSERT IGNORE INTO album(id, name, artist_id, release_date) VALUES ('2aItcV9jj0LvaluaDFTLqF', "Motivando a la Yal", '21451j1KhjAiaYKflxBjr1', '2004-05-04');
INSERT IGNORE INTO album(id, name, artist_id, release_date) VALUES ('6GHUywBU0u92lg0Dhrt40R', "MAMIII", '4obzFoKoKRHIphyHzJ35G3', '2022-02-10');
INSERT IGNORE INTO album(id, name, artist_id, release_date) VALUES ('7s2MXOVpIWBNcfnHGCDh3v', "Churrasquinho Menos É Mais (Ao Vivo)", '6vTqEFbTtTRJsuIpzZgjxi', '2020-04-23');
INSERT IGNORE INTO album(id, name, artist_id, release_date) VALUES ('74ShfU6i2GfPyqwdc5uGl7', "If You Leave", '46CitWgnWrvF9t70C2p1Me', '2013-03-18');
INSERT IGNORE INTO album(id, name, artist_id, release_date) VALUES ('5S0cTPPACcLQxZPe2X88bQ', "Patroas 35%", '1yR65psqiazQpeM79CcGh8', '2021-10-14');
INSERT IGNORE INTO album(id, name, artist_id, release_date) VALUES ('3uPnO1aZBwMgWK1DI5zve9', "Justice (The Complete Edition)", '1uNFoZAHBGtllmzznpCI3s', '2021-10-08');
INSERT IGNORE INTO album(id, name, artist_id, release_date) VALUES ('7zjLDZzHo2XgvYwpuNwEvK', "I Am The Best", '1l0mKo96Jh9HVYONcRl3Yp', '2014-12-09');
INSERT IGNORE INTO album(id, name, artist_id, release_date) VALUES ('43wFM1HquliY3iwKWzPN4y', "Love Yourself 結 'Answer'", '3Nrfpe0tUJi4K4DXYWgMUX', '2018-08-24');
INSERT IGNORE INTO album(id, name, artist_id, release_date) VALUES ('6Zw6NKh3oIUhDRMOyBmsUU', "I See You", '3iOvXCl6edW5Um0fXEBRXy', '2017-01-13');
INSERT IGNORE INTO album(id, name, artist_id, release_date) VALUES ('0d9km1VogLi6sN6S95ilyT', "Abaixo de Zero: Hello Hell", '6aCbXH85qN6xo54C7atSMx', '2019-04-12');
INSERT IGNORE INTO album(id, name, artist_id, release_date) VALUES ('4XLPYMERZZaBzkJg0mkdvO', "Planet Her (Deluxe)", '5cj0lLjcoR7YOSnhnX0Po5', '2021-06-27');
INSERT IGNORE INTO album(id, name, artist_id, release_date) VALUES ('6s84u2TUpR3wdUv4NgKA2j', "SOUR", '1McMsnEElThX1knmY4oliG', '2021-05-21');
INSERT IGNORE INTO album(id, name, artist_id, release_date) VALUES ('3rlJCPz7s7bTifG57wjFpt', "LEGENDADDY", '4VMYDCV2IEDYJArk749S6m', '2022-03-25');
INSERT IGNORE INTO album(id, name, artist_id, release_date) VALUES ('2ym2jcqckXqWeTDoxz3Kst', "Suck It and See", '7Ln80lUS6He07XvHI8qqHH', '2011-06-06');
INSERT IGNORE INTO album(id, name, artist_id, release_date) VALUES ('6vzOajGZ2yfbiB6xFjUR9y', "Pikilao (Remix)", '5Xid8RniwfI34R5LLqHFbs', '2019-02-08');
INSERT IGNORE INTO track(id,name,duration,album_id,user_id) VALUES ('0hJS3EHWC4uL9sJ52ErpoN','Hide',192.013,'7vXiklrUeffx5o2F8VYwm3','80d90srfrrxi5ybketyhme4vy');
INSERT IGNORE INTO track(id,name,duration,album_id,user_id) VALUES ('52AlJfHPhlkY7OGrb2AjeQ','Low',274.423,'5ipoWTaBfknOP3YgEXW4oY','80d90srfrrxi5ybketyhme4vy');
INSERT IGNORE INTO track(id,name,duration,album_id,user_id) VALUES ('1Ll09EiN5ffeFl1xNZB2Uk','Gold',285.255,'2lKbr47iZyXo44V4CEEUaK','31hjzsaxla4zywg7dwkrlmmpmr6m');
INSERT IGNORE INTO track(id,name,duration,album_id,user_id) VALUES ('0YveezON7jpiaHA8fnUHxN','Roundabout - 2003 Remaster',510.573,'0dZF93WHyOhTWjz5EWM7yG','lucaslisb');
INSERT IGNORE INTO track(id,name,duration,album_id,user_id) VALUES ('7FIWs0pqAYbP91WWM0vlTQ','Godzilla (feat. Juice WRLD)',210.8,'4otkd9As6YaxxEkIjXPiZ6','65ggf1vdzp2c6iq2n67t3cguo');
INSERT IGNORE INTO track(id,name,duration,album_id,user_id) VALUES ('4bF2y8rR7GUjrd5LNEvej3','París',151.428,'6Ktv94u6eUIZBiUiBwOADD','fc5ge6u3nwnvk2d5cempjon32');
INSERT IGNORE INTO track(id,name,duration,album_id,user_id) VALUES ('0hNduWmlWmEmuwEFcYvRu1','Sunset Lover',237.792,'4Ky2PpWb26OxNabAMffyBw','fc5ge6u3nwnvk2d5cempjon32');
INSERT IGNORE INTO track(id,name,duration,album_id,user_id) VALUES ('18LhA0zBzAa2YnhcN3hWGa','High Right Now',163.167,'37m9KwQ4yNWbsThepwDvAK','fc5ge6u3nwnvk2d5cempjon32');
INSERT IGNORE INTO track(id,name,duration,album_id,user_id) VALUES ('3zzZVLdBKRW8JH7GhFPyvu','Hold On',226.186,'6GRzHtepSikfr1k8zxcpbH','zoidibergson');
INSERT IGNORE INTO track(id,name,duration,album_id,user_id) VALUES ('3SPVZJzf1Hs30rB6yXVf2y','Mountain Sound',211.453,'4p9dVvZDaZliSjTCbFRhJy','zoidibergson');
INSERT IGNORE INTO track(id,name,duration,album_id,user_id) VALUES ('1bhpub6BolgKXDD7iMkYTZ','Wolves Without Teeth',232.973,'2mD97VgxTRfwB8F5tvkwrL','zoidibergson');
INSERT IGNORE INTO track(id,name,duration,album_id,user_id) VALUES ('5xNpsWUHMrBvWNiQc3HAiK','Change On The Rise',240.8,'2Sny5hZ8cvamjfhhNqR0mo','zoidibergson');
INSERT IGNORE INTO track(id,name,duration,album_id,user_id) VALUES ('25C28On1ijnRE7LbQAtKJ3','Down to the River',297.021,'7LCRR0JjpZR7uXlUKGex6X','zoidibergson');
INSERT IGNORE INTO track(id,name,duration,album_id,user_id) VALUES ('4SNtyKNyYJ8ERT7YLlnFBr','So Young',246.48,'4VzzEviJGYUtAeSsJlI9QB','80d90srfrrxi5ybketyhme4vy');
INSERT IGNORE INTO track(id,name,duration,album_id,user_id) VALUES ('3SktMqZmo3M9zbB7oKMIF7','Gravity',245.826,'1Xsprdt1q9rOzTic7b9zYM','313logqmoojpb2fbhkl456nnznhu');
INSERT IGNORE INTO track(id,name,duration,album_id,user_id) VALUES ('3Srim67SVjxic5An1B677c','Electricity',181.536,'3GrwTlcx7rrbOwVBxvAPzF','22gu44pz7jvuzzkodkirc2ctq');
INSERT IGNORE INTO track(id,name,duration,album_id,user_id) VALUES ('6wa2Byn31t83FOmgAsNQey','Used To Be My Girl',175.413,'0vMqm7WSIXBWsiYrulKiCc','22gu44pz7jvuzzkodkirc2ctq');
INSERT IGNORE INTO track(id,name,duration,album_id,user_id) VALUES ('50ruR1ueH4wroJBpJOnjQS','Everlasting Light',205.395,'7lhJVTvqL3QbwGN12QLiVj','22gu44pz7jvuzzkodkirc2ctq');
INSERT IGNORE INTO track(id,name,duration,album_id,user_id) VALUES ('4vHNeBWDQpVCmGbaccrRzi','Goodie Bag',146.39,'0y8sikccXZ3TIW4PkjtI8R','22gu44pz7jvuzzkodkirc2ctq');
INSERT IGNORE INTO track(id,name,duration,album_id,user_id) VALUES ('2tBah0hzCdsafd4fNkjRaM','Me deixa',247.6,'3I1bOo70cU0y7PprxCGgAs','zoidibergson');
INSERT IGNORE INTO track(id,name,duration,album_id,user_id) VALUES ('25c99i0TkF9pcZKQqSRHVK','Change On The Rise',240.8,'5wk72aktBHcMz6vBNgFeKV','zoidibergson');
INSERT IGNORE INTO track(id,name,duration,album_id,user_id) VALUES ('2FY7b99s15jUprqC0M5NCT','Natural',189.466,'3JfSxDfmwS5OeHPwLSkrfr','zoidibergson');
INSERT IGNORE INTO track(id,name,duration,album_id,user_id) VALUES ('7w9bgPAmPTtrkt2v16QWvQ','Lose Yourself - From \"8 Mile\" Soundtrack',326.466,'71xFWYFtiHC8eP99QB30AA','65ggf1vdzp2c6iq2n67t3cguo');
INSERT IGNORE INTO track(id,name,duration,album_id,user_id) VALUES ('3ctoHckjyd13eBi2IDw2Ip','Seven Nation Army',231.8,'0VXcqDD3sHdOIGtO6oYv3d','65ggf1vdzp2c6iq2n67t3cguo');
INSERT IGNORE INTO track(id,name,duration,album_id,user_id) VALUES ('0XVQTr58DZbLUcjacnTp8k','Madness',211.139,'4SxovxXXvcl71iE9ptyJKF','65ggf1vdzp2c6iq2n67t3cguo');
INSERT IGNORE INTO track(id,name,duration,album_id,user_id) VALUES ('6QUbsXxxlr3CrqhseoREJh','Lean On Me',213.52,'6NIVIrZyIiaZiC8zkZ4tDe','zoidibergson');
INSERT IGNORE INTO track(id,name,duration,album_id,user_id) VALUES ('2AT8iROs4FQueDv2c8q2KE','R U Mine?',201.726,'78bpIziExqiI9qztvNFlQu','itonn');
INSERT IGNORE INTO track(id,name,duration,album_id,user_id) VALUES ('14RMwnKR38ikEOzBDwrrv7','Aeroplane (Reprise)',167.533,'6os1V7Wdb94RzAgmqH4nSF','mjc3079');
INSERT IGNORE INTO track(id,name,duration,album_id,user_id) VALUES ('3u9fHuAtjMY1RW2mZfO4Cf','Gangsta\'s Paradise (feat. L.V.)',241.933,'3gj5MfnW3Oud8Ji1n7Tops','patrickbastosc');
INSERT IGNORE INTO track(id,name,duration,album_id,user_id) VALUES ('5SDcksP8En1l6RtTY1wzHc','Oceans (Where Feet May Fail)',536,'7LHFVlsndw7HxDGJPWJS7S','22q7ljjo5ke4l2qhh5pruatea');
INSERT IGNORE INTO track(id,name,duration,album_id,user_id) VALUES ('7LVHVU3tWfcxj5aiPFEW4Q','Fix You',295.533,'4E7bV0pzG0LciBSWTszra6','22q7ljjo5ke4l2qhh5pruatea');
INSERT IGNORE INTO track(id,name,duration,album_id,user_id) VALUES ('0QvroDjCXtzlEaCIgUSVmP','Vesúvio',218.76,'4QvfzelIYmJcfJuigsUkef','22b7canhq37yxw65jsftnfmoy');
INSERT IGNORE INTO track(id,name,duration,album_id,user_id) VALUES ('2fZy95ponNh0dWUHmN6OvM','A Tua Presença Morena - Ao Vivo',126.614,'3PlAbFQa9MEymxTgQC51wv','22b7canhq37yxw65jsftnfmoy');
INSERT IGNORE INTO track(id,name,duration,album_id,user_id) VALUES ('4Ysoro1Osfsz5e0d2hAK33','Pense em Mim',186.322,'4ZxzTMUSVjEr933HKTrH11','22b7canhq37yxw65jsftnfmoy');
INSERT IGNORE INTO track(id,name,duration,album_id,user_id) VALUES ('0rzNMzZsubFcXSEh7dnem7','Hold Up',221.093,'7dK54iZuOxXFarGhXwEXfF','22b7canhq37yxw65jsftnfmoy');
INSERT IGNORE INTO track(id,name,duration,album_id,user_id) VALUES ('5tf1VVWniHgryyumXyJM7w','Sugar (feat. Francesco Yates)',219.043,'5XyJzEROSmup2TcWmVjTIt','22gu44pz7jvuzzkodkirc2ctq');
INSERT IGNORE INTO track(id,name,duration,album_id,user_id) VALUES ('4LRPiXqCikLlN15c3yImP7','As It Was',167.303,'2pqdSWeJVsXAhHFuVLzuA8',12161642315);
INSERT IGNORE INTO track(id,name,duration,album_id,user_id) VALUES ('3AJwUDP919kvQ9QcozQPxg','Yellow',266.773,'6ZG5lRT77aJ3btmArcykra','22nsomaurqexm6n2jgvq7numy');
INSERT IGNORE INTO track(id,name,duration,album_id,user_id) VALUES ('3UmaczJpikHgJFyBTAJVoz','Stan',404.106,'6t7956yu5zYf5A829XRiHC','22nsomaurqexm6n2jgvq7numy');
INSERT IGNORE INTO track(id,name,duration,album_id,user_id) VALUES ('3FkeNbs9Zeiqkr3WkbOiGp','Envolver',193.805,'2TPl41Riu1SDbHoxhCIo2D',12161642315);
INSERT IGNORE INTO track(id,name,duration,album_id,user_id) VALUES ('3SWjpNMVUi5UXz096NbfPr','Gata (feat. Chencho Corleone)',206.277,'2TPl41Riu1SDbHoxhCIo2D',12161642315);
INSERT IGNORE INTO track(id,name,duration,album_id,user_id) VALUES ('5gflgO9EPbIBf16n5TKnQS','Yo Voy (feat. Daddy Yankee)',232.019,'2aItcV9jj0LvaluaDFTLqF',12161642315);
INSERT IGNORE INTO track(id,name,duration,album_id,user_id) VALUES ('1ri9ZUkBJVFUdgwzCnfcYs','MAMIII',226.088,'6GHUywBU0u92lg0Dhrt40R',12161642315);
INSERT IGNORE INTO track(id,name,duration,album_id,user_id) VALUES ('5r9CZJMoMmxio2AnJdxuDS','Pot-Pourri: Melhor Eu Ir / Ligando Os Fatos / Sonho de Amor / Deixa Eu Te Querer - Ao Vivo',521.088,'7s2MXOVpIWBNcfnHGCDh3v',12161642315);
INSERT IGNORE INTO track(id,name,duration,album_id,user_id) VALUES ('2Ck6gblyk3UFCVPTh8o3TN','Youth',253.013,'74ShfU6i2GfPyqwdc5uGl7','22nsomaurqexm6n2jgvq7numy');
INSERT IGNORE INTO track(id,name,duration,album_id,user_id) VALUES ('4qsOrxBv09HhNSpsgMRXdC','Esqueça-Me Se For Capaz',169.058,'5S0cTPPACcLQxZPe2X88bQ',12161642315);
INSERT IGNORE INTO track(id,name,duration,album_id,user_id) VALUES ('2vxifWbsK3QiAy1vriVbNE','Peaches (feat. Daniel Caesar & Giveon)',198.081,'3uPnO1aZBwMgWK1DI5zve9',12161642315);
INSERT IGNORE INTO track(id,name,duration,album_id,user_id) VALUES ('26EM9sZnQkLLQxixGd88KE','I Am The Best',208.73,'7zjLDZzHo2XgvYwpuNwEvK',12161642315);
INSERT IGNORE INTO track(id,name,duration,album_id,user_id) VALUES ('01380RE6UfsPSdiUIwrCoH','MIC Drop (Steve Aoki Remix) - Full Length Edition',307.675,'43wFM1HquliY3iwKWzPN4y',12161642315);
INSERT IGNORE INTO track(id,name,duration,album_id,user_id) VALUES ('5w3CRkbTWXfbYepIdFpGUN','On Hold',224.133,'6Zw6NKh3oIUhDRMOyBmsUU',12161642315);
INSERT IGNORE INTO track(id,name,duration,album_id,user_id) VALUES ('6EHOyqVSyd8JRmQniT721T','Que Nem o Meu Cachorro',211.363,'0d9km1VogLi6sN6S95ilyT',12161642315);
INSERT IGNORE INTO track(id,name,duration,album_id,user_id) VALUES ('2VT56hhAcF0D3lGx9PUthf','Ain\'t Shit',174.253,'4XLPYMERZZaBzkJg0mkdvO',12161642315);
INSERT IGNORE INTO track(id,name,duration,album_id,user_id) VALUES ('4ZtFanR9U6ndgddUvNcjcG','good 4 u',178.146,'6s84u2TUpR3wdUv4NgKA2j',12161642315);
INSERT IGNORE INTO track(id,name,duration,album_id,user_id) VALUES ('48AJSd42lXpicsGqcgopof','X ÚLTIMA VEZ',192.477,'3rlJCPz7s7bTifG57wjFpt',12161642315);
INSERT IGNORE INTO track(id,name,duration,album_id,user_id) VALUES ('0LxeKwg9t7HOnyfv4bTALT','Suck It and See',225.986,'2ym2jcqckXqWeTDoxz3Kst',12161642315);
INSERT IGNORE INTO track(id,name,duration,album_id,user_id) VALUES ('0MLIf6J4E8naJFGtvXyV7t','Pikilao - Remix',226.821,'6vzOajGZ2yfbiB6xFjUR9y',12161642315);
INSERT IGNORE INTO genres(genre) VALUES ('modern rock');
INSERT IGNORE INTO genres(genre) VALUES ('art pop');
INSERT IGNORE INTO genres(genre) VALUES ('indietronica');
INSERT IGNORE INTO genres(genre) VALUES ('album rock');
INSERT IGNORE INTO genres(genre) VALUES ('art rock');
INSERT IGNORE INTO genres(genre) VALUES ('classic rock');
INSERT IGNORE INTO genres(genre) VALUES ('jazz fusion');
INSERT IGNORE INTO genres(genre) VALUES ('progressive rock');
INSERT IGNORE INTO genres(genre) VALUES ('rock');
INSERT IGNORE INTO genres(genre) VALUES ('symphonic rock');
INSERT IGNORE INTO genres(genre) VALUES ('detroit hip hop');
INSERT IGNORE INTO genres(genre) VALUES ('hip hop');
INSERT IGNORE INTO genres(genre) VALUES ('rap');
INSERT IGNORE INTO genres(genre) VALUES ('concurso de talentos argentino');
INSERT IGNORE INTO genres(genre) VALUES ('new french touch');
INSERT IGNORE INTO genres(genre) VALUES ('tropical house');
INSERT IGNORE INTO genres(genre) VALUES ('cali rap');
INSERT IGNORE INTO genres(genre) VALUES ('melodic rap');
INSERT IGNORE INTO genres(genre) VALUES ('pop rap');
INSERT IGNORE INTO genres(genre) VALUES ('trap');
INSERT IGNORE INTO genres(genre) VALUES ('alabama indie');
INSERT IGNORE INTO genres(genre) VALUES ('modern blues rock');
INSERT IGNORE INTO genres(genre) VALUES ('folk-pop');
INSERT IGNORE INTO genres(genre) VALUES ('metropopolis');
INSERT IGNORE INTO genres(genre) VALUES ('pop rock');
INSERT IGNORE INTO genres(genre) VALUES ('stomp and holler');
INSERT IGNORE INTO genres(genre) VALUES ('canadian americana');
INSERT IGNORE INTO genres(genre) VALUES ('canadian folk');
INSERT IGNORE INTO genres(genre) VALUES ('halifax indie');
INSERT IGNORE INTO genres(genre) VALUES ('new americana');
INSERT IGNORE INTO genres(genre) VALUES ('indie rock');
INSERT IGNORE INTO genres(genre) VALUES ('modern alternative rock');
INSERT IGNORE INTO genres(genre) VALUES ('neo mellow');
INSERT IGNORE INTO genres(genre) VALUES ('singer-songwriter');
INSERT IGNORE INTO genres(genre) VALUES ('garage rock');
INSERT IGNORE INTO genres(genre) VALUES ('permanent wave');
INSERT IGNORE INTO genres(genre) VALUES ('sheffield indie');
INSERT IGNORE INTO genres(genre) VALUES ('alternative rock');
INSERT IGNORE INTO genres(genre) VALUES ('baroque pop');
INSERT IGNORE INTO genres(genre) VALUES ('blues rock');
INSERT IGNORE INTO genres(genre) VALUES ('punk blues');
INSERT IGNORE INTO genres(genre) VALUES ('roots rock');
INSERT IGNORE INTO genres(genre) VALUES ('bedroom pop');
INSERT IGNORE INTO genres(genre) VALUES ('oakland indie');
INSERT IGNORE INTO genres(genre) VALUES ('brazilian hip hop');
INSERT IGNORE INTO genres(genre) VALUES ('brazilian reggae');
INSERT IGNORE INTO genres(genre) VALUES ('brazilian rock');
INSERT IGNORE INTO genres(genre) VALUES ('latin alternative');
INSERT IGNORE INTO genres(genre) VALUES ('rock nacional brasileiro');
INSERT IGNORE INTO genres(genre) VALUES ('detroit rock');
INSERT IGNORE INTO genres(genre) VALUES ('alt z');
INSERT IGNORE INTO genres(genre) VALUES ('electropop');
INSERT IGNORE INTO genres(genre) VALUES ('indie poptimism');
INSERT IGNORE INTO genres(genre) VALUES ('pop');
INSERT IGNORE INTO genres(genre) VALUES ('g funk');
INSERT IGNORE INTO genres(genre) VALUES ('gangster rap');
INSERT IGNORE INTO genres(genre) VALUES ('west coast rap');
INSERT IGNORE INTO genres(genre) VALUES ('ccm');
INSERT IGNORE INTO genres(genre) VALUES ('christian alternative rock');
INSERT IGNORE INTO genres(genre) VALUES ('christian music');
INSERT IGNORE INTO genres(genre) VALUES ('worship');
INSERT IGNORE INTO genres(genre) VALUES ('bossa nova');
INSERT IGNORE INTO genres(genre) VALUES ('mpb');
INSERT IGNORE INTO genres(genre) VALUES ('musica alagoana');
INSERT IGNORE INTO genres(genre) VALUES ('samba de roda');
INSERT IGNORE INTO genres(genre) VALUES ('tropicalia');
INSERT IGNORE INTO genres(genre) VALUES ('funk carioca');
INSERT IGNORE INTO genres(genre) VALUES ('nova mpb');
INSERT IGNORE INTO genres(genre) VALUES ('pop lgbtq+ brasileira');
INSERT IGNORE INTO genres(genre) VALUES ('dance pop');
INSERT IGNORE INTO genres(genre) VALUES ('r&b');
INSERT IGNORE INTO genres(genre) VALUES ('deep euro house');
INSERT IGNORE INTO genres(genre) VALUES ('deep house');
INSERT IGNORE INTO genres(genre) VALUES ('edm');
INSERT IGNORE INTO genres(genre) VALUES ('german dance');
INSERT IGNORE INTO genres(genre) VALUES ('pop dance');
INSERT IGNORE INTO genres(genre) VALUES ('funk pop');
INSERT IGNORE INTO genres(genre) VALUES ('pagode baiano');
INSERT IGNORE INTO genres(genre) VALUES ('pop nacional');
INSERT IGNORE INTO genres(genre) VALUES ('latin');
INSERT IGNORE INTO genres(genre) VALUES ('latin hip hop');
INSERT IGNORE INTO genres(genre) VALUES ('reggaeton');
INSERT IGNORE INTO genres(genre) VALUES ('trap latino');
INSERT IGNORE INTO genres(genre) VALUES ('latin viral pop');
INSERT IGNORE INTO genres(genre) VALUES ('rap latina');
INSERT IGNORE INTO genres(genre) VALUES ('pagode');
INSERT IGNORE INTO genres(genre) VALUES ('pagode novo');
INSERT IGNORE INTO genres(genre) VALUES ('shimmer pop');
INSERT IGNORE INTO genres(genre) VALUES ('arrocha');
INSERT IGNORE INTO genres(genre) VALUES ('sertanejo');
INSERT IGNORE INTO genres(genre) VALUES ('canadian pop');
INSERT IGNORE INTO genres(genre) VALUES ('k-pop');
INSERT IGNORE INTO genres(genre) VALUES ('k-pop girl group');
INSERT IGNORE INTO genres(genre) VALUES ('k-pop boy group');
INSERT IGNORE INTO genres(genre) VALUES ('downtempo');
INSERT IGNORE INTO genres(genre) VALUES ('dream pop');
INSERT IGNORE INTO genres(genre) VALUES ('afrofuturismo brasileiro');
INSERT IGNORE INTO genres(genre) VALUES ('dominican pop');
INSERT IGNORE INTO genres(genre) VALUES ('funknejo');
INSERT IGNORE INTO genres(genre) VALUES ('lambadão');
INSERT IGNORE INTO albumGenre(genre_id, album_id) VALUES (1, '7vXiklrUeffx5o2F8VYwm3');
INSERT IGNORE INTO albumGenre(genre_id, album_id) VALUES (2, '5ipoWTaBfknOP3YgEXW4oY');
INSERT IGNORE INTO albumGenre(genre_id, album_id) VALUES (3, '5ipoWTaBfknOP3YgEXW4oY');
INSERT IGNORE INTO albumGenre(genre_id, album_id) VALUES (2, '2lKbr47iZyXo44V4CEEUaK');
INSERT IGNORE INTO albumGenre(genre_id, album_id) VALUES (3, '2lKbr47iZyXo44V4CEEUaK');
INSERT IGNORE INTO albumGenre(genre_id, album_id) VALUES (4, '0dZF93WHyOhTWjz5EWM7yG');
INSERT IGNORE INTO albumGenre(genre_id, album_id) VALUES (5, '0dZF93WHyOhTWjz5EWM7yG');
INSERT IGNORE INTO albumGenre(genre_id, album_id) VALUES (6, '0dZF93WHyOhTWjz5EWM7yG');
INSERT IGNORE INTO albumGenre(genre_id, album_id) VALUES (7, '0dZF93WHyOhTWjz5EWM7yG');
INSERT IGNORE INTO albumGenre(genre_id, album_id) VALUES (8, '0dZF93WHyOhTWjz5EWM7yG');
INSERT IGNORE INTO albumGenre(genre_id, album_id) VALUES (9, '0dZF93WHyOhTWjz5EWM7yG');
INSERT IGNORE INTO albumGenre(genre_id, album_id) VALUES (10, '0dZF93WHyOhTWjz5EWM7yG');
INSERT IGNORE INTO albumGenre(genre_id, album_id) VALUES (11, '4otkd9As6YaxxEkIjXPiZ6');
INSERT IGNORE INTO albumGenre(genre_id, album_id) VALUES (12, '4otkd9As6YaxxEkIjXPiZ6');
INSERT IGNORE INTO albumGenre(genre_id, album_id) VALUES (13, '4otkd9As6YaxxEkIjXPiZ6');
INSERT IGNORE INTO albumGenre(genre_id, album_id) VALUES (14, '6Ktv94u6eUIZBiUiBwOADD');
INSERT IGNORE INTO albumGenre(genre_id, album_id) VALUES (15, '4Ky2PpWb26OxNabAMffyBw');
INSERT IGNORE INTO albumGenre(genre_id, album_id) VALUES (16, '4Ky2PpWb26OxNabAMffyBw');
INSERT IGNORE INTO albumGenre(genre_id, album_id) VALUES (17, '37m9KwQ4yNWbsThepwDvAK');
INSERT IGNORE INTO albumGenre(genre_id, album_id) VALUES (18, '37m9KwQ4yNWbsThepwDvAK');
INSERT IGNORE INTO albumGenre(genre_id, album_id) VALUES (19, '37m9KwQ4yNWbsThepwDvAK');
INSERT IGNORE INTO albumGenre(genre_id, album_id) VALUES (13, '37m9KwQ4yNWbsThepwDvAK');
INSERT IGNORE INTO albumGenre(genre_id, album_id) VALUES (20, '37m9KwQ4yNWbsThepwDvAK');
INSERT IGNORE INTO albumGenre(genre_id, album_id) VALUES (21, '6GRzHtepSikfr1k8zxcpbH');
INSERT IGNORE INTO albumGenre(genre_id, album_id) VALUES (22, '6GRzHtepSikfr1k8zxcpbH');
INSERT IGNORE INTO albumGenre(genre_id, album_id) VALUES (9, '6GRzHtepSikfr1k8zxcpbH');
INSERT IGNORE INTO albumGenre(genre_id, album_id) VALUES (23, '4p9dVvZDaZliSjTCbFRhJy');
INSERT IGNORE INTO albumGenre(genre_id, album_id) VALUES (24, '4p9dVvZDaZliSjTCbFRhJy');
INSERT IGNORE INTO albumGenre(genre_id, album_id) VALUES (1, '4p9dVvZDaZliSjTCbFRhJy');
INSERT IGNORE INTO albumGenre(genre_id, album_id) VALUES (25, '4p9dVvZDaZliSjTCbFRhJy');
INSERT IGNORE INTO albumGenre(genre_id, album_id) VALUES (26, '4p9dVvZDaZliSjTCbFRhJy');
INSERT IGNORE INTO albumGenre(genre_id, album_id) VALUES (23, '2mD97VgxTRfwB8F5tvkwrL');
INSERT IGNORE INTO albumGenre(genre_id, album_id) VALUES (24, '2mD97VgxTRfwB8F5tvkwrL');
INSERT IGNORE INTO albumGenre(genre_id, album_id) VALUES (1, '2mD97VgxTRfwB8F5tvkwrL');
INSERT IGNORE INTO albumGenre(genre_id, album_id) VALUES (25, '2mD97VgxTRfwB8F5tvkwrL');
INSERT IGNORE INTO albumGenre(genre_id, album_id) VALUES (26, '2mD97VgxTRfwB8F5tvkwrL');
INSERT IGNORE INTO albumGenre(genre_id, album_id) VALUES (27, '7LCRR0JjpZR7uXlUKGex6X');
INSERT IGNORE INTO albumGenre(genre_id, album_id) VALUES (28, '7LCRR0JjpZR7uXlUKGex6X');
INSERT IGNORE INTO albumGenre(genre_id, album_id) VALUES (29, '7LCRR0JjpZR7uXlUKGex6X');
INSERT IGNORE INTO albumGenre(genre_id, album_id) VALUES (30, '7LCRR0JjpZR7uXlUKGex6X');
INSERT IGNORE INTO albumGenre(genre_id, album_id) VALUES (31, '4VzzEviJGYUtAeSsJlI9QB');
INSERT IGNORE INTO albumGenre(genre_id, album_id) VALUES (32, '4VzzEviJGYUtAeSsJlI9QB');
INSERT IGNORE INTO albumGenre(genre_id, album_id) VALUES (1, '4VzzEviJGYUtAeSsJlI9QB');
INSERT IGNORE INTO albumGenre(genre_id, album_id) VALUES (9, '4VzzEviJGYUtAeSsJlI9QB');
INSERT IGNORE INTO albumGenre(genre_id, album_id) VALUES (33, '1Xsprdt1q9rOzTic7b9zYM');
INSERT IGNORE INTO albumGenre(genre_id, album_id) VALUES (25, '1Xsprdt1q9rOzTic7b9zYM');
INSERT IGNORE INTO albumGenre(genre_id, album_id) VALUES (34, '1Xsprdt1q9rOzTic7b9zYM');
INSERT IGNORE INTO albumGenre(genre_id, album_id) VALUES (35, '3GrwTlcx7rrbOwVBxvAPzF');
INSERT IGNORE INTO albumGenre(genre_id, album_id) VALUES (36, '3GrwTlcx7rrbOwVBxvAPzF');
INSERT IGNORE INTO albumGenre(genre_id, album_id) VALUES (9, '3GrwTlcx7rrbOwVBxvAPzF');
INSERT IGNORE INTO albumGenre(genre_id, album_id) VALUES (37, '3GrwTlcx7rrbOwVBxvAPzF');
INSERT IGNORE INTO albumGenre(genre_id, album_id) VALUES (38, '0vMqm7WSIXBWsiYrulKiCc');
INSERT IGNORE INTO albumGenre(genre_id, album_id) VALUES (39, '0vMqm7WSIXBWsiYrulKiCc');
INSERT IGNORE INTO albumGenre(genre_id, album_id) VALUES (31, '0vMqm7WSIXBWsiYrulKiCc');
INSERT IGNORE INTO albumGenre(genre_id, album_id) VALUES (1, '0vMqm7WSIXBWsiYrulKiCc');
INSERT IGNORE INTO albumGenre(genre_id, album_id) VALUES (9, '0vMqm7WSIXBWsiYrulKiCc');
INSERT IGNORE INTO albumGenre(genre_id, album_id) VALUES (37, '0vMqm7WSIXBWsiYrulKiCc');
INSERT IGNORE INTO albumGenre(genre_id, album_id) VALUES (38, '7lhJVTvqL3QbwGN12QLiVj');
INSERT IGNORE INTO albumGenre(genre_id, album_id) VALUES (40, '7lhJVTvqL3QbwGN12QLiVj');
INSERT IGNORE INTO albumGenre(genre_id, album_id) VALUES (35, '7lhJVTvqL3QbwGN12QLiVj');
INSERT IGNORE INTO albumGenre(genre_id, album_id) VALUES (22, '7lhJVTvqL3QbwGN12QLiVj');
INSERT IGNORE INTO albumGenre(genre_id, album_id) VALUES (1, '7lhJVTvqL3QbwGN12QLiVj');
INSERT IGNORE INTO albumGenre(genre_id, album_id) VALUES (41, '7lhJVTvqL3QbwGN12QLiVj');
INSERT IGNORE INTO albumGenre(genre_id, album_id) VALUES (9, '7lhJVTvqL3QbwGN12QLiVj');
INSERT IGNORE INTO albumGenre(genre_id, album_id) VALUES (42, '7lhJVTvqL3QbwGN12QLiVj');
INSERT IGNORE INTO albumGenre(genre_id, album_id) VALUES (43, '0y8sikccXZ3TIW4PkjtI8R');
INSERT IGNORE INTO albumGenre(genre_id, album_id) VALUES (44, '0y8sikccXZ3TIW4PkjtI8R');
INSERT IGNORE INTO albumGenre(genre_id, album_id) VALUES (45, '3I1bOo70cU0y7PprxCGgAs');
INSERT IGNORE INTO albumGenre(genre_id, album_id) VALUES (46, '3I1bOo70cU0y7PprxCGgAs');
INSERT IGNORE INTO albumGenre(genre_id, album_id) VALUES (47, '3I1bOo70cU0y7PprxCGgAs');
INSERT IGNORE INTO albumGenre(genre_id, album_id) VALUES (48, '3I1bOo70cU0y7PprxCGgAs');
INSERT IGNORE INTO albumGenre(genre_id, album_id) VALUES (49, '3I1bOo70cU0y7PprxCGgAs');
INSERT IGNORE INTO albumGenre(genre_id, album_id) VALUES (1, '3JfSxDfmwS5OeHPwLSkrfr');
INSERT IGNORE INTO albumGenre(genre_id, album_id) VALUES (9, '3JfSxDfmwS5OeHPwLSkrfr');
INSERT IGNORE INTO albumGenre(genre_id, album_id) VALUES (11, '71xFWYFtiHC8eP99QB30AA');
INSERT IGNORE INTO albumGenre(genre_id, album_id) VALUES (12, '71xFWYFtiHC8eP99QB30AA');
INSERT IGNORE INTO albumGenre(genre_id, album_id) VALUES (13, '71xFWYFtiHC8eP99QB30AA');
INSERT IGNORE INTO albumGenre(genre_id, album_id) VALUES (38, '0VXcqDD3sHdOIGtO6oYv3d');
INSERT IGNORE INTO albumGenre(genre_id, album_id) VALUES (40, '0VXcqDD3sHdOIGtO6oYv3d');
INSERT IGNORE INTO albumGenre(genre_id, album_id) VALUES (50, '0VXcqDD3sHdOIGtO6oYv3d');
INSERT IGNORE INTO albumGenre(genre_id, album_id) VALUES (35, '0VXcqDD3sHdOIGtO6oYv3d');
INSERT IGNORE INTO albumGenre(genre_id, album_id) VALUES (22, '0VXcqDD3sHdOIGtO6oYv3d');
INSERT IGNORE INTO albumGenre(genre_id, album_id) VALUES (1, '0VXcqDD3sHdOIGtO6oYv3d');
INSERT IGNORE INTO albumGenre(genre_id, album_id) VALUES (36, '0VXcqDD3sHdOIGtO6oYv3d');
INSERT IGNORE INTO albumGenre(genre_id, album_id) VALUES (41, '0VXcqDD3sHdOIGtO6oYv3d');
INSERT IGNORE INTO albumGenre(genre_id, album_id) VALUES (9, '0VXcqDD3sHdOIGtO6oYv3d');
INSERT IGNORE INTO albumGenre(genre_id, album_id) VALUES (51, '4SxovxXXvcl71iE9ptyJKF');
INSERT IGNORE INTO albumGenre(genre_id, album_id) VALUES (52, '4SxovxXXvcl71iE9ptyJKF');
INSERT IGNORE INTO albumGenre(genre_id, album_id) VALUES (53, '4SxovxXXvcl71iE9ptyJKF');
INSERT IGNORE INTO albumGenre(genre_id, album_id) VALUES (24, '4SxovxXXvcl71iE9ptyJKF');
INSERT IGNORE INTO albumGenre(genre_id, album_id) VALUES (54, '4SxovxXXvcl71iE9ptyJKF');
INSERT IGNORE INTO albumGenre(genre_id, album_id) VALUES (35, '78bpIziExqiI9qztvNFlQu');
INSERT IGNORE INTO albumGenre(genre_id, album_id) VALUES (36, '78bpIziExqiI9qztvNFlQu');
INSERT IGNORE INTO albumGenre(genre_id, album_id) VALUES (9, '78bpIziExqiI9qztvNFlQu');
INSERT IGNORE INTO albumGenre(genre_id, album_id) VALUES (37, '78bpIziExqiI9qztvNFlQu');
INSERT IGNORE INTO albumGenre(genre_id, album_id) VALUES (55, '3gj5MfnW3Oud8Ji1n7Tops');
INSERT IGNORE INTO albumGenre(genre_id, album_id) VALUES (56, '3gj5MfnW3Oud8Ji1n7Tops');
INSERT IGNORE INTO albumGenre(genre_id, album_id) VALUES (12, '3gj5MfnW3Oud8Ji1n7Tops');
INSERT IGNORE INTO albumGenre(genre_id, album_id) VALUES (13, '3gj5MfnW3Oud8Ji1n7Tops');
INSERT IGNORE INTO albumGenre(genre_id, album_id) VALUES (57, '3gj5MfnW3Oud8Ji1n7Tops');
INSERT IGNORE INTO albumGenre(genre_id, album_id) VALUES (58, '7LHFVlsndw7HxDGJPWJS7S');
INSERT IGNORE INTO albumGenre(genre_id, album_id) VALUES (59, '7LHFVlsndw7HxDGJPWJS7S');
INSERT IGNORE INTO albumGenre(genre_id, album_id) VALUES (60, '7LHFVlsndw7HxDGJPWJS7S');
INSERT IGNORE INTO albumGenre(genre_id, album_id) VALUES (61, '7LHFVlsndw7HxDGJPWJS7S');
INSERT IGNORE INTO albumGenre(genre_id, album_id) VALUES (36, '4E7bV0pzG0LciBSWTszra6');
INSERT IGNORE INTO albumGenre(genre_id, album_id) VALUES (54, '4E7bV0pzG0LciBSWTszra6');
INSERT IGNORE INTO albumGenre(genre_id, album_id) VALUES (62, '4QvfzelIYmJcfJuigsUkef');
INSERT IGNORE INTO albumGenre(genre_id, album_id) VALUES (63, '4QvfzelIYmJcfJuigsUkef');
INSERT IGNORE INTO albumGenre(genre_id, album_id) VALUES (64, '4QvfzelIYmJcfJuigsUkef');
INSERT IGNORE INTO albumGenre(genre_id, album_id) VALUES (62, '3PlAbFQa9MEymxTgQC51wv');
INSERT IGNORE INTO albumGenre(genre_id, album_id) VALUES (63, '3PlAbFQa9MEymxTgQC51wv');
INSERT IGNORE INTO albumGenre(genre_id, album_id) VALUES (65, '3PlAbFQa9MEymxTgQC51wv');
INSERT IGNORE INTO albumGenre(genre_id, album_id) VALUES (66, '3PlAbFQa9MEymxTgQC51wv');
INSERT IGNORE INTO albumGenre(genre_id, album_id) VALUES (67, '4ZxzTMUSVjEr933HKTrH11');
INSERT IGNORE INTO albumGenre(genre_id, album_id) VALUES (68, '4ZxzTMUSVjEr933HKTrH11');
INSERT IGNORE INTO albumGenre(genre_id, album_id) VALUES (69, '4ZxzTMUSVjEr933HKTrH11');
INSERT IGNORE INTO albumGenre(genre_id, album_id) VALUES (70, '7dK54iZuOxXFarGhXwEXfF');
INSERT IGNORE INTO albumGenre(genre_id, album_id) VALUES (54, '7dK54iZuOxXFarGhXwEXfF');
INSERT IGNORE INTO albumGenre(genre_id, album_id) VALUES (71, '7dK54iZuOxXFarGhXwEXfF');
INSERT IGNORE INTO albumGenre(genre_id, album_id) VALUES (70, '5XyJzEROSmup2TcWmVjTIt');
INSERT IGNORE INTO albumGenre(genre_id, album_id) VALUES (72, '5XyJzEROSmup2TcWmVjTIt');
INSERT IGNORE INTO albumGenre(genre_id, album_id) VALUES (73, '5XyJzEROSmup2TcWmVjTIt');
INSERT IGNORE INTO albumGenre(genre_id, album_id) VALUES (74, '5XyJzEROSmup2TcWmVjTIt');
INSERT IGNORE INTO albumGenre(genre_id, album_id) VALUES (75, '5XyJzEROSmup2TcWmVjTIt');
INSERT IGNORE INTO albumGenre(genre_id, album_id) VALUES (54, '5XyJzEROSmup2TcWmVjTIt');
INSERT IGNORE INTO albumGenre(genre_id, album_id) VALUES (76, '5XyJzEROSmup2TcWmVjTIt');
INSERT IGNORE INTO albumGenre(genre_id, album_id) VALUES (16, '5XyJzEROSmup2TcWmVjTIt');
INSERT IGNORE INTO albumGenre(genre_id, album_id) VALUES (54, '2pqdSWeJVsXAhHFuVLzuA8');
INSERT IGNORE INTO albumGenre(genre_id, album_id) VALUES (36, '6ZG5lRT77aJ3btmArcykra');
INSERT IGNORE INTO albumGenre(genre_id, album_id) VALUES (54, '6ZG5lRT77aJ3btmArcykra');
INSERT IGNORE INTO albumGenre(genre_id, album_id) VALUES (11, '6t7956yu5zYf5A829XRiHC');
INSERT IGNORE INTO albumGenre(genre_id, album_id) VALUES (12, '6t7956yu5zYf5A829XRiHC');
INSERT IGNORE INTO albumGenre(genre_id, album_id) VALUES (13, '6t7956yu5zYf5A829XRiHC');
INSERT IGNORE INTO albumGenre(genre_id, album_id) VALUES (67, '2TPl41Riu1SDbHoxhCIo2D');
INSERT IGNORE INTO albumGenre(genre_id, album_id) VALUES (77, '2TPl41Riu1SDbHoxhCIo2D');
INSERT IGNORE INTO albumGenre(genre_id, album_id) VALUES (78, '2TPl41Riu1SDbHoxhCIo2D');
INSERT IGNORE INTO albumGenre(genre_id, album_id) VALUES (79, '2TPl41Riu1SDbHoxhCIo2D');
INSERT IGNORE INTO albumGenre(genre_id, album_id) VALUES (80, '2aItcV9jj0LvaluaDFTLqF');
INSERT IGNORE INTO albumGenre(genre_id, album_id) VALUES (81, '2aItcV9jj0LvaluaDFTLqF');
INSERT IGNORE INTO albumGenre(genre_id, album_id) VALUES (82, '2aItcV9jj0LvaluaDFTLqF');
INSERT IGNORE INTO albumGenre(genre_id, album_id) VALUES (83, '2aItcV9jj0LvaluaDFTLqF');
INSERT IGNORE INTO albumGenre(genre_id, album_id) VALUES (70, '6GHUywBU0u92lg0Dhrt40R');
INSERT IGNORE INTO albumGenre(genre_id, album_id) VALUES (80, '6GHUywBU0u92lg0Dhrt40R');
INSERT IGNORE INTO albumGenre(genre_id, album_id) VALUES (84, '6GHUywBU0u92lg0Dhrt40R');
INSERT IGNORE INTO albumGenre(genre_id, album_id) VALUES (54, '6GHUywBU0u92lg0Dhrt40R');
INSERT IGNORE INTO albumGenre(genre_id, album_id) VALUES (85, '6GHUywBU0u92lg0Dhrt40R');
INSERT IGNORE INTO albumGenre(genre_id, album_id) VALUES (82, '6GHUywBU0u92lg0Dhrt40R');
INSERT IGNORE INTO albumGenre(genre_id, album_id) VALUES (86, '7s2MXOVpIWBNcfnHGCDh3v');
INSERT IGNORE INTO albumGenre(genre_id, album_id) VALUES (87, '7s2MXOVpIWBNcfnHGCDh3v');
INSERT IGNORE INTO albumGenre(genre_id, album_id) VALUES (2, '74ShfU6i2GfPyqwdc5uGl7');
INSERT IGNORE INTO albumGenre(genre_id, album_id) VALUES (88, '74ShfU6i2GfPyqwdc5uGl7');
INSERT IGNORE INTO albumGenre(genre_id, album_id) VALUES (89, '5S0cTPPACcLQxZPe2X88bQ');
INSERT IGNORE INTO albumGenre(genre_id, album_id) VALUES (90, '5S0cTPPACcLQxZPe2X88bQ');
INSERT IGNORE INTO albumGenre(genre_id, album_id) VALUES (91, '3uPnO1aZBwMgWK1DI5zve9');
INSERT IGNORE INTO albumGenre(genre_id, album_id) VALUES (54, '3uPnO1aZBwMgWK1DI5zve9');
INSERT IGNORE INTO albumGenre(genre_id, album_id) VALUES (70, '7zjLDZzHo2XgvYwpuNwEvK');
INSERT IGNORE INTO albumGenre(genre_id, album_id) VALUES (92, '7zjLDZzHo2XgvYwpuNwEvK');
INSERT IGNORE INTO albumGenre(genre_id, album_id) VALUES (93, '7zjLDZzHo2XgvYwpuNwEvK');
INSERT IGNORE INTO albumGenre(genre_id, album_id) VALUES (92, '43wFM1HquliY3iwKWzPN4y');
INSERT IGNORE INTO albumGenre(genre_id, album_id) VALUES (94, '43wFM1HquliY3iwKWzPN4y');
INSERT IGNORE INTO albumGenre(genre_id, album_id) VALUES (95, '6Zw6NKh3oIUhDRMOyBmsUU');
INSERT IGNORE INTO albumGenre(genre_id, album_id) VALUES (96, '6Zw6NKh3oIUhDRMOyBmsUU');
INSERT IGNORE INTO albumGenre(genre_id, album_id) VALUES (3, '6Zw6NKh3oIUhDRMOyBmsUU');
INSERT IGNORE INTO albumGenre(genre_id, album_id) VALUES (97, '0d9km1VogLi6sN6S95ilyT');
INSERT IGNORE INTO albumGenre(genre_id, album_id) VALUES (45, '0d9km1VogLi6sN6S95ilyT');
INSERT IGNORE INTO albumGenre(genre_id, album_id) VALUES (46, '0d9km1VogLi6sN6S95ilyT');
INSERT IGNORE INTO albumGenre(genre_id, album_id) VALUES (70, '4XLPYMERZZaBzkJg0mkdvO');
INSERT IGNORE INTO albumGenre(genre_id, album_id) VALUES (54, '4XLPYMERZZaBzkJg0mkdvO');
INSERT IGNORE INTO albumGenre(genre_id, album_id) VALUES (54, '6s84u2TUpR3wdUv4NgKA2j');
INSERT IGNORE INTO albumGenre(genre_id, album_id) VALUES (80, '3rlJCPz7s7bTifG57wjFpt');
INSERT IGNORE INTO albumGenre(genre_id, album_id) VALUES (81, '3rlJCPz7s7bTifG57wjFpt');
INSERT IGNORE INTO albumGenre(genre_id, album_id) VALUES (82, '3rlJCPz7s7bTifG57wjFpt');
INSERT IGNORE INTO albumGenre(genre_id, album_id) VALUES (83, '3rlJCPz7s7bTifG57wjFpt');
INSERT IGNORE INTO albumGenre(genre_id, album_id) VALUES (35, '2ym2jcqckXqWeTDoxz3Kst');
INSERT IGNORE INTO albumGenre(genre_id, album_id) VALUES (36, '2ym2jcqckXqWeTDoxz3Kst');
INSERT IGNORE INTO albumGenre(genre_id, album_id) VALUES (9, '2ym2jcqckXqWeTDoxz3Kst');
INSERT IGNORE INTO albumGenre(genre_id, album_id) VALUES (37, '2ym2jcqckXqWeTDoxz3Kst');
INSERT IGNORE INTO albumGenre(genre_id, album_id) VALUES (98, '6vzOajGZ2yfbiB6xFjUR9y');
